<?xml version="1.0" encoding="UTF-8"?>
<!DOCTYPE suite SYSTEM "https://testng.org/testng-1.0.dtd">
<suite name="Suite">
  <test thread-count="5" name="Test" verbose="1">
  <parameter name="url" value="https://dev87223.service-now.com/"> </parameter>
  <parameter name="uname" value="admin"> </parameter>
  <parameter name="pass" value="jO5meNwhF6XL"> </parameter>
  
 <classes>
      <class name="incidentmanagement.CreateIncident"/>
      </classes>
  </test> <!-- Test -->
</suite> <!-- Suite -->
